{
  "AutoCogPhylo/data/data-aa-58-200.json": {
    "average_asjp_edit_distance": 0.7926830963525305,
    "average_intersection": 360.9159104658197,
    "mean_asjp_segments": 25.53448275862069,
    "mean_asjp_segments_product": 651.9691470054446,
    "mean_segments": 73.53448275862068,
    "mean_synonyms": 1.0750840832651578,
    "mean_word_length": 3.60049040331445,
    "min_intersection": 163,
    "n_lects": 58,
    "quantile_for_five_segments": 0.947662129026803,
    "quantile_for_nine_segments": 0.9996617908176207,
    "quantile_for_three_segments": 0.5714889659254249,
    "quantile_for_two_segments": 0.12268538090809165
  },
  "AutoCogPhylo/data/data-an-45-210.json": {
    "average_asjp_edit_distance": 0.7211823101365946,
    "average_intersection": 330.4848484848485,
    "mean_asjp_segments": 18.42222222222222,
    "mean_asjp_segments_product": 339.1727272727273,
    "mean_segments": 42.48888888888889,
    "mean_synonyms": 1.1152966662654953,
    "mean_word_length": 4.545160246034316,
    "min_intersection": 144,
    "n_lects": 45,
    "quantile_for_five_segments": 0.7258012301715766,
    "quantile_for_nine_segments": 0.9893169310456459,
    "quantile_for_three_segments": 0.2430128412647027,
    "quantile_for_two_segments": 0.13650588108341427
  },
  "AutoCogPhylo/data/data-ie-42-208.json": {
    "average_asjp_edit_distance": 0.8300231009210806,
    "average_intersection": 393.3867595818815,
    "mean_asjp_segments": 25.61904761904762,
    "mean_asjp_segments_product": 656.2288037166086,
    "mean_segments": 70.71428571428571,
    "mean_synonyms": 1.1623024298183533,
    "mean_word_length": 4.49279480414045,
    "min_intersection": 161,
    "n_lects": 42,
    "quantile_for_five_segments": 0.7659833570123807,
    "quantile_for_nine_segments": 0.9937081388268724,
    "quantile_for_three_segments": 0.2803937487314796,
    "quantile_for_two_segments": 0.08017048914146539
  },
  "AutoCogPhylo/data/data-pn-67-183.json": {
    "average_asjp_edit_distance": 0.7887770545996033,
    "average_intersection": 325.70782451379466,
    "mean_asjp_segments": 20.597014925373134,
    "mean_asjp_segments_product": 424.1429217548621,
    "mean_segments": 30.059701492537314,
    "mean_synonyms": 1.1032774058941146,
    "mean_word_length": 5.85391222125916,
    "min_intersection": 141,
    "n_lects": 67,
    "quantile_for_five_segments": 0.5179260893546608,
    "quantile_for_nine_segments": 0.9311322984792373,
    "quantile_for_three_segments": 0.05815144590654795,
    "quantile_for_two_segments": 0.022535655188716412
  },
  "AutoCogPhylo/data/data-st-64-110.json": {
    "average_asjp_edit_distance": 0.8319646199014351,
    "average_intersection": 203.79365079365078,
    "mean_asjp_segments": 24.21875,
    "mean_asjp_segments_product": 586.4196428571429,
    "mean_segments": 37.59375,
    "mean_synonyms": 1.046140195208518,
    "mean_word_length": 3.7714164546225617,
    "min_intersection": 90,
    "n_lects": 64,
    "quantile_for_five_segments": 0.8767316935255867,
    "quantile_for_nine_segments": 0.9988690981057393,
    "quantile_for_three_segments": 0.46904156064461405,
    "quantile_for_two_segments": 0.22391857506361323
  },
  "lexirumah-data/cldf/cldf-metadata.json": {
    "average_asjp_edit_distance": 0.7996309063242231,
    "average_intersection": 444.15849056603776,
    "mean_asjp_segments": 24.1,
    "mean_asjp_segments_product": 580.7772012578616,
    "mean_segments": 33.275,
    "mean_synonyms": 1.1461677236966912,
    "mean_word_length": 5.27627949242203,
    "min_intersection": 19,
    "n_lects": 160,
    "quantile_for_five_segments": 0.689725116022458,
    "quantile_for_nine_segments": 0.9397494563982735,
    "quantile_for_three_segments": 0.1738389640736053,
    "quantile_for_two_segments": 0.04048615843961964
  },
  "potential-of-cognate-detection/code/D_test_Bahnaric-200-24.json": {
    "average_asjp_edit_distance": 0.6259770387180178,
    "average_intersection": 326.39130434782606,
    "mean_asjp_segments": 27.375,
    "mean_asjp_segments_product": 749.3442028985507,
    "mean_segments": 47.125,
    "mean_synonyms": 1.057455222144685,
    "mean_word_length": 3.8086229652441705,
    "min_intersection": 123,
    "n_lects": 24,
    "quantile_for_five_segments": 0.9157501099868016,
    "quantile_for_nine_segments": 0.998240211174659,
    "quantile_for_three_segments": 0.526616805983282,
    "quantile_for_two_segments": 0.05697316322041355
  },
  "potential-of-cognate-detection/code/D_test_Chinese-180-18.json": {
    "average_asjp_edit_distance": 0.4971381910391547,
    "average_intersection": 360.0,
    "mean_asjp_segments": 24.944444444444443,
    "mean_asjp_segments_product": 621.9477124183006,
    "mean_segments": 42.22222222222222,
    "mean_synonyms": 1.127469135802469,
    "mean_word_length": 5.920886942239256,
    "min_intersection": 180,
    "n_lects": 18,
    "quantile_for_five_segments": 0.4924719408705174,
    "quantile_for_nine_segments": 0.9307418560087599,
    "quantile_for_three_segments": 0.13468382151656172,
    "quantile_for_two_segments": 0.0093074185600876
  },
  "potential-of-cognate-detection/code/D_test_Huon-140-14.json": {
    "average_asjp_edit_distance": 0.7362736909284733,
    "average_intersection": 203.9120879120879,
    "mean_asjp_segments": 22.5,
    "mean_asjp_segments_product": 506.1978021978022,
    "mean_segments": 23.571428571428573,
    "mean_synonyms": 1.0078549848942597,
    "mean_word_length": 4.360311750599521,
    "min_intersection": 55,
    "n_lects": 14,
    "quantile_for_five_segments": 0.7841726618705036,
    "quantile_for_nine_segments": 0.9844124700239808,
    "quantile_for_three_segments": 0.3519184652278177,
    "quantile_for_two_segments": 0.13848920863309352
  },
  "potential-of-cognate-detection/code/D_test_Romance-110-43.json": {
    "average_asjp_edit_distance": 0.5616445523758622,
    "average_intersection": 218.89258028792912,
    "mean_asjp_segments": 27.0,
    "mean_asjp_segments_product": 728.9446290143965,
    "mean_segments": 43.46511627906977,
    "mean_synonyms": 1.0286138194150063,
    "mean_word_length": 5.104265402843602,
    "min_intersection": 102,
    "n_lects": 43,
    "quantile_for_five_segments": 0.6074593035235937,
    "quantile_for_nine_segments": 0.9728003296929734,
    "quantile_for_three_segments": 0.24273645167937358,
    "quantile_for_two_segments": 0.09725942715845869
  },
  "potential-of-cognate-detection/code/D_test_Tujia-109-5.json": {
    "average_asjp_edit_distance": 0.3578701829930578,
    "average_intersection": 195.2,
    "mean_asjp_segments": 25.0,
    "mean_asjp_segments_product": 623.4,
    "mean_segments": 37.6,
    "mean_synonyms": 1.0039138943248533,
    "mean_word_length": 5.436647173489279,
    "min_intersection": 96,
    "n_lects": 5,
    "quantile_for_five_segments": 0.4834307992202729,
    "quantile_for_nine_segments": 0.9395711500974658,
    "quantile_for_three_segments": 0.30409356725146197,
    "quantile_for_two_segments": 0.0
  },
  "potential-of-cognate-detection/code/D_test_Uralic-173-8.json": {
    "average_asjp_edit_distance": 0.7936158784938299,
    "average_intersection": 335.14285714285717,
    "mean_asjp_segments": 23.285714285714285,
    "mean_asjp_segments_product": 541.952380952381,
    "mean_segments": 35.857142857142854,
    "mean_synonyms": 1.1753355704697988,
    "mean_word_length": 4.810849393290507,
    "min_intersection": 157,
    "n_lects": 7,
    "quantile_for_five_segments": 0.6859386152748037,
    "quantile_for_nine_segments": 0.9850107066381156,
    "quantile_for_three_segments": 0.2755174875089222,
    "quantile_for_two_segments": 0.09207708779443255
  },
  "potential-of-cognate-detection/code/D_training_Austronesian-210-20.json": {
    "average_asjp_edit_distance": 0.8031693768995757,
    "average_intersection": 342.7473684210526,
    "mean_asjp_segments": 22.4,
    "mean_asjp_segments_product": 501.5157894736842,
    "mean_segments": 26.65,
    "mean_synonyms": 1.1547429782723901,
    "mean_word_length": 5.097292335933915,